<?xml version="1.0" encoding="UTF-8" standalone="yes"?>
  <Result>
    <Code>00</Code>
    <City>
      <city-name>강원도</city-name>
      <city-count>146</city-count>
    </City>
    <City>
      <city-name>경기도</city-name>
      <city-count>1055</city-count>
    </City>
    <City>
      <city-name>경상남도</city-name>
      <city-count>303</city-count>
    </City>
    <City>
      <city-name>경상북도</city-name>
      <city-count>290</city-count>
    </City>
    <City>
      <city-name>광주광역시</city-name>
      <city-count>166</city-count>
    </City>
    <City>
      <city-name>기타</city-name>
      <city-count>673</city-count>
    </City>
    <City>
      <city-name>대구광역시</city-name>
      <city-count>170</city-count>
    </City>
    <City>
      <city-name>대전광역시</city-name>
      <city-count>100</city-count>
    </City>
    <City>
      <city-name>부산광역시</city-name>
      <city-count>315</city-count>
    </City>
    <City>
      <city-name>서울특별시</city-name>
      <city-count>754</city-count>
    </City>
    <City>
      <city-name>세종특별자치시</city-name>
      <city-count>6</city-count>
    </City>
    <City>
      <city-name>울산광역시</city-name>
      <city-count>86</city-count>
    </City>
    <City>
      <city-name>인천광역시</city-name>
      <city-count>259</city-count>
    </City>
    <City>
      <city-name>전라남도</city-name>
      <city-count>259</city-count>
    </City>
    <City>
      <city-name>전라북도</city-name>
      <city-count>174</city-count>
    </City>
    <City>
      <city-name>제주특별자치도</city-name>
      <city-count>63</city-count>
    </City>
    <City>
      <city-name>충청남도</city-name>
      <city-count>257</city-count>
    </City>
    <City>
      <city-name>충청북도</city-name>
      <city-count>126</city-count>
    </City>
</Result>